Item_ID;UNIT;Block;Block_Seq;Grade;Subject;Cycle;Secured_Status;Scaling_Status;Content_Domain;Topic_Area;Topic;Performance_Objective;Cognitive_Domain;Item_Type;Options;Key;Maximum_Points;Label;a;b;c;Biology_Knowing;Biology_Applying;Biology_Reasoning;Chemistry_Knowing;Chemistry_Applying;Chemistry_Reasoning;Physics_Knowing;Physics_Applying;Physics_Reasoning;Earth_Knowing;Earth_Applying;Earth_Reasoning
S032007;;S05;4;8;S;3;Yes;Yes;Biology;Characteristics_Classification_and_Life_Processes_of_Organisms;2;;Knowing;CR;;;1;One_function_of_the_uterus;0.84227;0.35532;0;1;0;0;0;0;0;0;0;0;0;0;0
S032024;;S07;7;8;S;3;Yes;Yes;Physics;Energy_Transformations_Heat_and_Temperature;1;;Knowing;MC;4;C;1;Energy_conversion_in_a_flashlight;1.07416;1.26476;0.25163;0;0;0;0;0;0;1;0;0;0;0;0
S032056;;S01;5;8;S;3;Yes;Yes;Chemistry;Chemical_Change;1;;Applying;CR;;;1;Sodium_bicarbonate_in_vinegar;0.8711;0.4071;0;0;0;0;0;1;0;0;0;0;0;0;0
S032060;;S07;10;8;S;3;Yes;Yes;Earth_Science;Earth�s_Processes_Cycles_and_History;2;;Applying;CR;;;1;Order_of_steps_in_the_water_cycle;1.1678;-0.43392;0;0;0;0;0;0;0;0;0;0;0;1;0
S032087;;S01;6;8;S;3;Yes;Yes;Biology;Human_Health;1;;Knowing;MC;4;C;1;Long-term_immunity_against_disease;0.92731;0.73921;0.20072;1;0;0;0;0;0;0;0;0;0;0;0
S032126;;S01;12;8;S;3;Yes;Yes;Earth_Science;Earth�s_Processes_Cycles_and_History;3;;Knowing;CR;;;1;Volcanic_eruption_effects;0.76417;0.04982;0;0;0;0;0;0;0;0;0;0;1;0;0
S032141;;S07;9;8;S;3;Yes;Yes;Physics;Forces_and_Motion;1;;Applying;MC;4;D;1;Gravity_acting_on_parachute_jumper;2.04273;1.00492;0.18904;0;0;0;0;0;0;0;1;0;0;0;0
S032151;;S05;9;8;S;3;Yes;Yes;Earth_Science;Earth_in_the_Solar_System_and_the_Universe;2;;Knowing;MC;4;B;1;Major_cause_of_tides;1.10604;0.64839;0.17934;0;0;0;0;0;0;0;0;0;1;0;0
S032156;;S01;4;8;S;3;Yes;Yes;Chemistry;Properties_of_Matter;1;;Reasoning;MC;4;C;1;Solubility/temperature_graphs;1.16049;0.72228;0.25942;0;0;0;0;0;1;0;0;0;0;0;0
S032158;;S01;14;8;S;3;Yes;Yes;Physics;Energy_Transformations_Heat_and_Temperature;3;;Knowing;MC;4;B;1;Molecules_of_gas_when_heated;0.94909;0.26845;0.32933;0;0;0;0;0;0;1;0;0;0;0;0
S032160;;S01;10;8;S;3;Yes;Yes;Earth_Science;Earth_in_the_Solar_System_and_the_Universe;2;;Knowing;MC;4;C;1;Difference_bet._planets_and_moons;0.85637;0.29501;0.3398;0;0;0;0;0;0;0;0;0;1;0;0
S032184;;S05;7;8;S;3;Yes;Yes;Physics;Electricity_and_Magnetism;1;;Applying;MC;4;D;1;Bulbs_in_series/parallel_circuit;0.3613;1.37605;0.18012;0;0;0;0;0;0;0;1;0;0;0;0
S032238;;S01;8;8;S;3;Yes;Yes;Physics;Energy_Transformations_Heat_and_Temperature;3;;Applying;MC;4;A;1;Gaps_between_metal_rail_spans;1.32614;0.72296;0.19132;0;0;0;0;0;0;0;1;0;0;0;0
S032272;;S07;8;8;S;3;Yes;Yes;Physics;Energy_Transformations_Heat_and_Temperature;3;;Reasoning;CR;;;1;Water_level_in_heated_container;1.14226;1.36851;0;0;0;0;0;0;0;0;0;1;0;0;0
S032279;;S01;7;8;S;3;Yes;Yes;Physics;Forces_and_Motion;4;;Applying;MC;4;D;1;Why_bottle_collapses_in_the_valley;0.76778;1.39485;0.17935;0;0;0;0;0;0;0;1;0;0;0;0
S032315;;S07;2;8;S;3;Yes;Yes;Biology;Ecosystems;4;;Reasoning;MC;4;D;1;Antelope_population_graph;0.86173;0.5904;0.19641;0;0;1;0;0;0;0;0;0;0;0;0
S032394;;S05;8;8;S;3;Yes;Yes;Physics;Energy_Transformations_Heat_and_Temperature;2;;Applying;MC;4;C;1;Heat_conduction_through_copper_rod;0.98061;0.59794;0.27719;0;0;0;0;0;0;0;1;0;0;0;0
S032463;;S07;11;8;S;3;Yes;Yes;Earth_Science;Earth�s_Resources_Their_Use_and_Conservation;2;;Knowing;MC;4;D;1;Soil_change_due_to_natural_causes;1.38321;0.25504;0.23772;0;0;0;0;0;0;0;0;0;1;0;0
S032465;;S07;1;8;S;3;Yes;Yes;Biology;Human_Health;1;;Knowing;MC;4;A;1;Cells_that_destroy_bacteria;0.84034;0.15319;0.27037;1;0;0;0;0;0;0;0;0;0;0;0
S032502;;S05;5;8;S;3;Yes;Yes;Chemistry;Classification_and_Composition_of_Matter;4;;Applying;MC;4;C;1;Diagram_of_water_molecules;0.99741;0.54936;0.17187;0;0;0;0;1;0;0;0;0;0;0;0
S032510;;S01;13;8;S;3;Yes;Yes;Earth_Science;Earth�s_Resources_Their_Use_and_Conservation;1;;Knowing;MC;4;D;1;Material_that_breaks_down_quickly;0.96478;-0.06851;0.29491;0;0;0;0;0;0;0;0;0;1;0;0
S032514;;S07;13;8;S;3;Yes;Yes;Biology;Ecosystems;4;;Applying;MC;4;C;1;Growth_of_algae_in_a_lake;0.60462;0.8557;0.2226;0;1;0;0;0;0;0;0;0;0;0;0
S032542;;S05;1;8;S;3;Yes;Yes;Biology;Characteristics_Classification_and_Life_Processes_of_Organisms;1;;Applying;MC;4;B;1;Classification_of_animals_;1.36029;0.69205;0.29266;0;1;0;0;0;0;0;0;0;0;0;0
S032570;;S07;6;8;S;3;Yes;Yes;Chemistry;Classification_and_Composition_of_Matter;2;;Reasoning;CR;;;1;Identify_if_substance_is_metal;0.97116;0.50145;0;0;0;0;0;0;1;0;0;0;0;0;0
S032579;;S07;5;8;S;3;Yes;Yes;Chemistry;Classification_and_Composition_of_Matter;4;;Applying;MC;4;B;1;Diagram_for_structure_of_matter;1.25424;1.27817;0.30517;0;0;0;0;1;0;0;0;0;0;0;0
S032611;;S01;1;8;S;3;Yes;Yes;Biology;Cells_and_Their_Functions;2;;Knowing;MC;4;A;1;Purpose_of_cellular_respiration;1.02657;1.24022;0.229;1;0;0;0;0;0;0;0;0;0;0;0
S032614;;S01;2;8;S;3;Yes;Yes;Biology;Life_Cycles_Reproduction_and_Heredity;3;;Applying;CR;;;1;Number_of_kidneys_son_has_at_birth;0.80504;-0.15465;0;0;1;0;0;0;0;0;0;0;0;0;0
S032640;;S07;4;8;S;3;Yes;Yes;Biology;Human_Health;2;;Knowing;CR;;;1;Exercise_is_important_for_health;0.59042;-0.21466;0;1;0;0;0;0;0;0;0;0;0;0;0
S032645;;S05;2;8;S;3;Yes;Yes;Biology;Ecosystems;1;;Knowing;MC;4;A;1;True_statement_about_producers;1.01431;0.75456;0.30714;1;0;0;0;0;0;0;0;0;0;0;0
S032651A;S032651;S05;10A;8;S;3;Yes;Yes;Earth_Science;Earth�s_Structure_and_Physical_Features;1;;Applying;CR;;;1;Topographic_map:_identify_X;1.20555;0.35338;0;0;0;0;0;0;0;0;0;0;0;1;0
S032651B;S032651;S05;10B;8;S;3;Yes;Yes;Earth_Science;Earth�s_Structure_and_Physical_Features;2;;Reasoning;CR;;;1;Topographic_map:_river_path;1.03107;1.14782;0;0;0;0;0;0;0;0;0;0;0;0;1
S032654;;S01;11;8;S;3;Yes;Yes;Earth_Science;Earth�s_Processes_Cycles_and_History;3;;Reasoning;MC;4;A;1;Location_of_jungle;0.95784;0.58799;0.20452;0;0;0;0;0;0;0;0;0;0;0;1
S032665A;S032665;S05;11A;8;S;3;Yes;Yes;Biology;Ecosystems;5;;Reasoning;CR;;;1;Population_in_countries:_predict;0.9474;0.5047;0;0;0;1;0;0;0;0;0;0;0;0;0
S032665B;S032665;S05;11B;8;S;3;Yes;Yes;Biology;Ecosystems;5;;Reasoning;CR;;;1;Population_in_countries:_land_use;1.07644;0.98537;0;0;0;1;0;0;0;0;0;0;0;0;0
S032665C;S032665;S05;11C;8;S;3;Yes;Yes;Biology;Ecosystems;5;;Reasoning;CR;;;1;Population_in_countries:_pollution;0.98975;0.91919;0;0;0;1;0;0;0;0;0;0;0;0;0
S032679;;S05;6;8;S;3;Yes;Yes;Chemistry;Chemical_Change;2;;Applying;CR;;;1;Energy_released_during_a_reaction;0.81194;1.4287;0;0;0;0;0;1;0;0;0;0;0;0;0
S042003;;S07;3;8;S;4;Restricted_Use;Yes;Biology;Characteristics_and_Life_Processes_of_Organisms;2;C;Applying;MC;4;B;1;O2-CO2_exchange_in_an_animal_skin;0.69034;0.97809;0.26053;0;1;0;0;0;0;0;0;0;0;0;0
S042007;;S06;3;8;S;4;Yes;Yes;Biology;Characteristics_Classification_and_Life_Processes_of_Organisms;2;;Applying;MC;4;B;1;Lungs_in_bird/which_organ_in_frog;1.3491;0.78577;0.20058;0;1;0;0;0;0;0;0;0;0;0;0
S042015;;S05;3;8;S;4;Restricted_Use;Yes;Biology;Cells_and_Their_Functions;1;C;Knowing;MC;4;D;1;Function_of_the_cell_membrane;0.95948;0.71031;0.27855;1;0;0;0;0;0;0;0;0;0;0;0
S042016;;S01;3;8;S;4;Restricted_Use;Yes;Biology;Cells_and_Their_Functions;1;C;Knowing;MC;4;A;1;Organelle_that_produces_energy;1.01949;1.31005;0.13686;1;0;0;0;0;0;0;0;0;0;0;0
S042017;;S06;2;8;S;4;Yes;Yes;Biology;Cells_and_Their_Functions;1;;Applying;MC;4;D;1;Function_of_cell_part_X;1.07317;1.13041;0.21579;0;1;0;0;0;0;0;0;0;0;0;0
S042022;;S06;6;8;S;4;Yes;Yes;Biology;Cells_and_Their_Functions;2;;Reasoning;CR;;;1;CO2_concentration_&_photosynthesis;0.91814;0.49319;0;0;0;1;0;0;0;0;0;0;0;0;0
S042024;;S06;4;8;S;4;Yes;Yes;Biology;Cells_and_Their_Functions;2;;Knowing;MC;4;B;1;Process_of_respiration;1.28588;1.3096;0.27327;1;0;0;0;0;0;0;0;0;0;0;0
S042030;;S07;2;8;S;4;Restricted_Use;Yes;Biology;Life_Cycles_Reproduction_and_Heredity;1;A;Applying;CR;;;1;What_kind_of_reproduction;0.84296;1.14662;0;0;1;0;0;0;0;0;0;0;0;0;0
S042038;;S03;2;8;S;4;Yes;Yes;Biology;Diversity_Adaptation_and_Natural_Selection;2;;Knowing;MC;4;A;1;Where_organisms_appeared_on_Earth;0.90245;0.4715;0.15976;1;0;0;0;0;0;0;0;0;0;0;0
S042042;;S07;1;8;S;4;Restricted_Use;Yes;Biology;Ecosystems;1;A;Knowing;MC;4;A;1;Which_organism_is_a_producer;0.76076;-0.22691;0.38936;1;0;0;0;0;0;0;0;0;0;0;0
S042049A;S042049;S05;05A;8;S;4;Restricted_Use;Yes;Biology;Ecosystems;3;B;Applying;CR;;;1;Population_of_rabbits_and_lynxes;0.98047;-0.57872;0;0;1;0;0;0;0;0;0;0;0;0;0
S042049B;S042049;S05;05B;8;S;4;Restricted_Use;Yes;Biology;Ecosystems;4;B;Reasoning;CR;;;1;Number_of_lynxes_in_1996_vs_2004;1.14126;0.28042;0;0;0;1;0;0;0;0;0;0;0;0;0
S042051A;S042051;S03;05A;8;S;4;Yes;Yes;Biology;Ecosystems;3;;Applying;CR;;;1;Year_of_highest_rabbit_population;0.76201;0.01842;0;0;1;0;0;0;0;0;0;0;0;0;0
S042051B;S042051;S03;05B;8;S;4;Yes;Yes;Biology;Ecosystems;3;;Applying;CR;;;1;Relation_of_rabbit-fox_populations;1.32282;0.68275;0;0;1;0;0;0;0;0;0;0;0;0;0
S042053;;S05;1;8;S;4;Restricted_Use;Yes;Biology;Human_Health;1;B;Applying;MC;4;C;1;Vaccinate_people_against_influenza;1.2259;-0.12353;0.26532;0;1;0;0;0;0;0;0;0;0;0;0
S042063;;S06;7;8;S;4;Yes;Yes;Chemistry;Classification_and_Composition_of_Matter;1;;Applying;MC;4;A;1;Which_rod_causes_the_bulb_to_light;1.0164;-1.15411;0.40083;0;0;0;0;1;0;0;0;0;0;0;0
S042064;;S07;11;8;S;4;Restricted_Use;Yes;Chemistry;Properties_of_Matter;2;A;Applying;CR;;;1;Why_oil_floats_on_top_of_water;0.85922;0.76971;0;0;0;0;0;1;0;0;0;0;0;0;0
S042065;;S07;6;8;S;4;Restricted_Use;Yes;Chemistry;Properties_of_Matter;2;A;Knowing;MC;4;C;1;Good_conductor_of_heat-electricity;0.83838;-0.55552;0.41136;0;0;0;1;0;0;0;0;0;0;0;0
S042068;;S01;6;8;S;4;Restricted_Use;Yes;Chemistry;Composition_of_Matter;1;B;Knowing;MC;4;A;1;Which_one_is_a_mixture;1.32943;0.97259;0.21552;0;0;0;1;0;0;0;0;0;0;0;0
S042073;;S06;1;8;S;4;Yes;Yes;Chemistry;Classification_and_Composition_of_Matter;4;;Knowing;MC;4;B;1;Formula_for_carbon_dioxide;0.76417;-0.71498;0.50712;0;0;0;1;0;0;0;0;0;0;0;0
S042076;;S03;6;8;S;4;Yes;Yes;Chemistry;Classification_and_Composition_of_Matter;4;;Knowing;CR;;;1;Number_of_atoms_in_H2SO4_molecule_;1.02043;0.62171;0;0;0;0;1;0;0;0;0;0;0;0;0
S042088;;S07;8;8;S;4;Restricted_Use;Yes;Chemistry;Properties_of_Matter;3;C;Applying;CR;;;1;Which_solution_is_more_dilute;0.65325;0.05992;0;0;0;0;0;1;0;0;0;0;0;0;0
S042094;;S01;9;8;S;4;Restricted_Use;Yes;Physics;Physical_States_and_Changes_in_Matter;1;B;Applying;CR;;;1;Why_plastic_bottle_cracked;0.83579;0.78783;0;0;0;0;0;0;0;0;1;0;0;0;0
S042095;;S06;5;8;S;4;Yes;Yes;Chemistry;Properties_of_Matter;3;;Knowing;MC;4;D;1;Ammonia_solution_mixed_in_vinegar_;1.03583;-0.28161;0.19876;0;0;0;1;0;0;0;0;0;0;0;0
S042104;;S07;10;8;S;4;Restricted_Use;Yes;Chemistry;Chemical_Change;2;A;Reasoning;CR;;;1;Balance_after_HCL-NaOH_are_mixed;0.91793;1.04042;0;0;0;0;0;0;1;0;0;0;0;0;0
S042110;;S07;4;8;S;4;Restricted_Use;Yes;Chemistry;Chemical_Change;1;C;Applying;MC;4;D;1;Which_nails_rusted_most;0.57331;-0.5916;0.18091;0;0;0;0;1;0;0;0;0;0;0;0
S042112;;S06;11;8;S;4;Yes;Yes;Chemistry;Chemical_Change;2;;Knowing;MC;4;D;1;Process_in_which_energy_absorbed;0.44979;-0.01214;0.18484;0;0;0;1;0;0;0;0;0;0;0;0
S042126;;S05;9;8;S;4;Restricted_Use;Yes;Earth_Science;Earth_s_Processes_Cycles_and_History;3;D;Knowing;MC;4;A;1;Gas_increasing_in_atmosphere;0.78427;0.27349;0.41504;0;0;0;0;0;0;0;0;0;1;0;0
S042135;;S05;13;8;S;4;Restricted_Use;Yes;Earth_Science;Earth_s_Processes_Cycles_and_History;2;A;Knowing;CR;;;1;Water_cycle_processes;0.79476;-0.16707;0;0;0;0;0;0;0;0;0;0;1;0;0
S042141;;S03;13;8;S;4;Yes;Yes;Earth_Science;Earth�s_Processes_Cycles_and_History;1;;Knowing;MC;4;B;1;Where_active_volcanoes_are_found;0.79195;-0.19612;0.24192;0;0;0;0;0;0;0;0;0;1;0;0
S042164;;S01;14;8;S;4;Restricted_Use;Yes;Earth_Science;Earth_in_the_Solar_System_and_the_Universe;1;C;Knowing;MC;4;B;1;Result_gravitational_pull_of_moon;1.04747;0.54783;0.14544;0;0;0;0;0;0;0;0;0;1;0;0
S042176;;S05;11;8;S;4;Restricted_Use;Yes;Physics;Physical_States_and_Changes_in_Matter;2;B;Reasoning;CR;;;1;Flasks_contain_fresh_&_salt_water;1.03843;0.69409;0;0;0;0;0;0;0;0;0;1;0;0;0
S042182;;S05;6;8;S;4;Restricted_Use;Yes;Physics;Energy_Transformation_and_Transfer;1;A;Knowing;MC;4;C;1;Type_of_energy_compressed_spring;0.69391;-0.31119;0.21428;0;0;0;0;0;0;1;0;0;0;0;0
S042195;;S01;11;8;S;4;Restricted_Use;Yes;Physics;Electricity_and_Magnetism;1;C;Applying;CR;;;1;What_is_resistance_in_a_circuit;0.65827;1.76072;0;0;0;0;0;0;0;0;1;0;0;0;0
S042197;;S06;8;8;S;4;Yes;Yes;Physics;Electricity_and_Magnetism;2;;Reasoning;MC;4;C;1;Strength_of_a_magnet;1.09806;0.79123;0.21867;0;0;0;0;0;0;0;0;1;0;0;0
S042210;;S05;10;8;S;4;Restricted_Use;Yes;Physics;Physical_States_and_Changes_in_Matter;2;D;Knowing;MC;4;C;1;Mass/volume_of_frozen_water_;1.01756;1.5037;0.29254;0;0;0;0;0;0;1;0;0;0;0;0
S042211;;S05;12;8;S;4;Restricted_Use;Yes;Physics;Forces_and_Motion;1;A;Applying;CR;;;1;Forces_on_student_sitting_on_wall_;0.87797;0.16265;0;0;0;0;0;0;0;0;1;0;0;0;0
S042215;;S03;14;8;S;4;Yes;Yes;Earth_Science;Earth_in_the_Solar_System_and_the_Universe;1;;Applying;MC;4;D;1;Diagram_of_an_eclipse_of_the_moon;0.75063;1.79416;0.23695;0;0;0;0;0;0;0;0;0;0;1;0
S042216;;S01;7;8;S;4;Restricted_Use;Yes;Physics;Light_and_Sound;1;D;Applying;MC;4;D;1;Student_reading_a_book;1.14016;0.49393;0.34823;0;0;0;0;0;0;0;1;0;0;0;0
S042217;;S07;15;8;S;4;Restricted_Use;Yes;Earth_Science;Earth_in_the_Solar_System_and_the_Universe;1;A;Knowing;MC;4;B;1;Shadow_of_a_tree_on_a_sunny_day;1.71063;0.73412;0.25671;0;0;0;0;0;0;0;0;0;1;0;0
S042218;;S07;9;8;S;4;Restricted_Use;Yes;Physics;Forces_and_Motion;1;A;Applying;MC;4;B;1;Why_does_a_balloon_with_helium_rise;1.47435;0.53094;0.24269;0;0;0;0;0;0;0;1;0;0;0;0
S042222A;S042222;S07;05A;8;S;4;Restricted_Use;Yes;Biology;Life_Cycles_Reproduction_and_Heredity;1;A;Applying;CR;;;1;Life_cycle_stage_monarch_grows;1.00089;1.23281;0;0;1;0;0;0;0;0;0;0;0;0;0
S042222B;S042222;S07;05B;8;S;4;Restricted_Use;Yes;Biology;Life_Cycles_Reproduction_and_Heredity;1;A;Applying;CR;;;1;Life_cycle_stage_monarch_develops;0.98989;0.85909;0;0;1;0;0;0;0;0;0;0;0;0;0
S042222C;S042222;S07;05C;8;S;4;Restricted_Use;Yes;Biology;Diversity_Adaptation_and_Natural_Selection;1;A;Applying;MC;4;B;1;Advantage_for_viceroy_butterfly;0.85261;0.09992;0.27046;0;1;0;0;0;0;0;0;0;0;0;0
S042228A;S042228;S05;08A;8;S;4;Restricted_Use;Yes;Chemistry;Properties_of_Matter;2;A;Reasoning;CR;;;1;Volume_of_the_neck_chain;1.44906;1.10542;0;0;0;0;0;0;1;0;0;0;0;0;0
S042228B;S042228;S05;08B;8;S;4;Restricted_Use;Yes;Chemistry;Properties_of_Matter;2;A;Reasoning;CR;;;1;Complete_table_3_with_percent_gold;1.28466;0.03285;0;0;0;0;0;0;1;0;0;0;0;0;0
S042228C;S042228;S05;08C;8;S;4;Restricted_Use;Yes;Chemistry;Properties_of_Matter;2;A;Applying;CR;;;1;Neck_chain_with_most_gold;1.52715;0.55636;0;0;0;0;0;1;0;0;0;0;0;0;0
S042238A;S042238;S03;12A;8;S;4;Yes;Yes;Physics;Energy_Transformations_Heat_and_Temperature;2;;Knowing;MC;4;C;1;Position_of_thermometer_;0.73338;0.79344;0.15466;0;0;0;0;0;0;1;0;0;0;0;0
S042238B;S042238;S03;12B;8;S;4;Yes;Yes;Physics;Energy_Transformations_Heat_and_Temperature;2;;Reasoning;CR;;;1;One_variable_kept_constant;0.77504;1.16575;0;0;0;0;0;0;0;0;0;1;0;0;0
S042238C;S042238;S03;12C;8;S;4;Yes;Yes;Physics;Energy_Transformations_Heat_and_Temperature;2;;Reasoning;CR;;;1;Conclusion_from_the_graph;0.9044;-0.59975;0;0;0;0;0;0;0;0;0;1;0;0;0
S042249;;S01;8;8;S;4;Restricted_Use;Yes;Physics;Forces_and_Motion;2;A;Knowing;MC;4;B;1;Example_of_a_lever;0.85838;0.62016;0.18505;0;0;0;0;0;0;1;0;0;0;0;0
S042257;;S05;14;8;S;4;Restricted_Use;Yes;Earth_Science;Earth_in_the_Solar_System_and_the_Universe;1;C;Knowing;MC;4;B;1;What_causes_the_phases_of_the_moon;0.67439;1.16338;0.31153;0;0;0;0;0;0;0;0;0;1;0;0
S042258;;S01;1;8;S;4;Restricted_Use;Yes;Biology;Characteristics_and_Life_Processes_of_Organisms;2;C;Applying;MC;4;C;1;Function_lungs-skin-kidneys_share;0.80275;0.98988;0.17533;0;1;0;0;0;0;0;0;0;0;0;0
S042261;;S03;4;8;S;4;Yes;Yes;Biology;Cells_and_Their_Functions;1;;Knowing;CR;;;1;Life_function_of_Paramecium;0.91506;0.92899;0;1;0;0;0;0;0;0;0;0;0;0;0
S042272;;S03;10;8;S;4;Yes;Yes;Physics;Energy_Transformations_Heat_and_Temperature;3;;Knowing;MC;4;A;1;Molecules_of_liquid_when_it_cools;0.90155;0.22079;0.26917;0;0;0;0;0;0;1;0;0;0;0;0
S042273;;S07;12;8;S;4;Restricted_Use;Yes;Physics;Light_and_Sound;1;A;Applying;CR;;;1;Seeing_lightning_&_hearing_thunder;1.21294;0.28839;0;0;0;0;0;0;0;0;1;0;0;0;0
S042274;;S06;15;8;S;4;Yes;Yes;Physics;Light_and_Sound;1;;Knowing;MC;4;D;1;Speed_of_light_through_substances;1.44979;1.26858;0.22184;0;0;0;0;0;0;1;0;0;0;0;0
S042278;;S06;14;8;S;4;Yes;Yes;Physics;Light_and_Sound;1;;Applying;CR;;;1;Path_of_light_through_periscope;0.80435;0.75818;0;0;0;0;0;0;0;0;1;0;0;0;0
S042280;;S07;7;8;S;4;Restricted_Use;Yes;Physics;Light_and_Sound;2;B;Reasoning;MC;4;D;1;Relative_speed_of_sound;1.28941;0.25106;0.16186;0;0;0;0;0;0;0;0;1;0;0;0
S042293A;S042293;S01;10A;8;S;4;Restricted_Use;Yes;Physics;Forces_and_Motion;1;A;Knowing;CR;;;1;Force_causing_the_ball_to_fall;0.90963;-0.31978;0;0;0;0;0;0;0;1;0;0;0;0;0
S042293B;S042293;S01;10B;8;S;4;Restricted_Use;Yes;Physics;Forces_and_Motion;3;C;Reasoning;CR;;;1;Ball_bouncing_up_again;0.9024;1.79587;0;0;0;0;0;0;0;0;0;1;0;0;0
S042298;;S03;3;8;S;4;Yes;Yes;Biology;Ecosystems;3;;Applying;CR;;;1;Importance_of_removing_weeds;1.066;0.67932;0;0;1;0;0;0;0;0;0;0;0;0;0
S042300A;S042300;S01;04A;8;S;4;Restricted_Use;Yes;Biology;Ecosystems;2;A;Applying;CR;;;1;O2-CO2_release-removal:_animals;1.3887;0.10253;0;0;1;0;0;0;0;0;0;0;0;0;0
S042300B;S042300;S01;04B;8;S;4;Restricted_Use;Yes;Biology;Ecosystems;2;A;Applying;CR;;;1;O2-CO2_release-removal:_plants;0.58859;1.60293;0;0;1;0;0;0;0;0;0;0;0;0;0
S042300C;S042300;S01;04C;8;S;4;Restricted_Use;Yes;Biology;Ecosystems;2;A;Applying;CR;;;1;O2-CO2_release-removal:_photosyn.;1.13623;0.18233;0;0;1;0;0;0;0;0;0;0;0;0;0
S042301;;S07;13;8;S;4;Restricted_Use;Yes;Earth_Science;Earth_s_Processes_Cycles_and_History;1;B;Knowing;CR;;;1;What_causes_an_earthquake;0.83894;0.05303;0;0;0;0;0;0;0;0;0;0;1;0;0
S042304;;S03;1;8;S;4;Yes;Yes;Biology;Characteristics_Classification_and_Life_Processes_of_Organisms;3;;Reasoning;MC;4;D;1;Conclusion_from_pulse_rate_T_graph;0.76921;-0.05894;0.14826;0;0;1;0;0;0;0;0;0;0;0;0
S042306;;S03;8;8;S;4;Yes;Yes;Chemistry;Classification_and_Composition_of_Matter;3;;Knowing;MC;4;C;1;Definition_of_a_compound;1.13223;0.98564;0.26811;0;0;0;1;0;0;0;0;0;0;0;0
S042309;;S05;4;8;S;4;Restricted_Use;Yes;Biology;Diversity_Adaptation_and_Natural_Selection;1;A;Applying;MC;4;D;1;Giraffes_with_short_and_long_necks;0.3211;1.08428;0.14353;0;1;0;0;0;0;0;0;0;0;0;0
S042312;;S07;14;8;S;4;Restricted_Use;Yes;Earth_Science;Earth_in_the_Solar_System_and_the_Universe;1;A;Knowing;MC;4;C;1;What_rotation_of_Earth_causes;0.40462;-0.19964;0.26324;0;0;0;0;0;0;0;0;0;1;0;0
S042319;;S01;5;8;S;4;Restricted_Use;Yes;Biology;Life_Cycles_Reproduction_and_Heredity;1;B;Reasoning;CR;;;1;Designing_plant_growth_experiment;1.3196;0.81541;0;0;0;1;0;0;0;0;0;0;0;0;0
S042400;;S01;12;8;S;4;Restricted_Use;Yes;Physics;Energy_Transformation_and_Transfer;2;C;Applying;CR;;;1;Wood/metal_container_to_keep_ice;1.063;0.99114;0;0;0;0;0;0;0;0;1;0;0;0;0
S042402;;S05;7;8;S;4;Restricted_Use;Yes;Physics;Energy_Transformation_and_Transfer;2;A;Applying;CR;;;1;Heat_flow_in_metal_cubes;0.88637;1.14405;0;0;0;0;0;0;0;0;1;0;0;0;0
S042403;;S03;9;8;S;4;Yes;Yes;Physics;Electricity_and_Magnetism;2;;Reasoning;CR;;;1;Find_out_if_metal_2_is_a_magnet;0.96263;0.80143;0;0;0;0;0;0;0;0;0;1;0;0;0
S042406;;S07;16;8;S;4;Restricted_Use;Yes;Earth_Science;Earth_s_Structure_and_Physical_Features;1;D;Applying;CR;;;1;Direction_river_flows;1.10547;0.68041;0;0;0;0;0;0;0;0;0;0;0;1;0
S042407;;S06;13;8;S;4;Yes;Yes;Physics;Energy_Transformations_Heat_and_Temperature;2;;Applying;CR;;;1;Which_ice_block_will_melt_first;0.52791;0.76946;0;0;0;0;0;0;0;0;1;0;0;0;0
S042408;;S05;2;8;S;4;Restricted_Use;Yes;Biology;Ecosystems;3;B;Applying;CR;;;1;Birds_can_t_survive_without_plants;0.73871;0.64962;0;0;1;0;0;0;0;0;0;0;0;0;0
S052003;;S06;1;8;S;5;Restricted_Use;Yes;Biology;Life_Cycles_Reproduction_and_Heredity;1;A;Knowing;MC;4;B;1;Annual_growth_rings;1.06226;0.22992;0.43084;1;0;0;0;0;0;0;0;0;0;0;0
S052012;;S13;3;8;S;5;Secured;Yes;Biology;Ecosystems;1;A;Knowing;MC;4;B;1;How_decomposers_get_energy;0.96614;0.42115;0.18523;1;0;0;0;0;0;0;0;0;0;0;0
S052015Z;;S11;05Z;8;S;5;Secured;Yes;Chemistry;Composition_of_Matter;1;A;Applying;CR;;;1;Symbols_represent_elements_(DERIVED);0.88337;-0.11886;0;0;0;0;0;1;0;0;0;0;0;0;0
S052021;;S13;4;8;S;5;Secured;Yes;Biology;Ecosystems;3;A;Reasoning;CR;;;1;Organism_that_competes_with_humans;0.89167;0.63573;0;0;0;1;0;0;0;0;0;0;0;0;0
S052026;;S11;7;8;S;5;Secured;Yes;Chemistry;Chemical_Change;1;A;Knowing;MC;4;D;1;Example_of_chemical_change_;0.58083;0.34798;0.33137;0;0;0;1;0;0;0;0;0;0;0;0
S052028;;S11;9;8;S;5;Secured;Yes;Physics;Electricity_and_Magnetism;2;B;Applying;MC;4;A;1;Electromagnet_attracting_needles;0.89615;0.59506;0.30421;0;0;0;0;0;0;0;1;0;0;0;0
S052030;;S02;3;8;S;5;Yes;Yes;Biology;Ecosystems;2;;Reasoning;MC;4;B;1;Water_travels_through_a_plant;0.82118;0.94435;0.2675;0;0;1;0;0;0;0;0;0;0;0;0
S052032;;S02;13;8;S;5;Yes;Yes;Earth_Science;Earth�s_Processes_Cycles_and_History;1;;Reasoning;CR;;;1;Evidence_continents_were_joined;1.15631;1.10086;0;0;0;0;0;0;0;0;0;0;0;0;1
S052038;;S11;12;8;S;5;Secured;Yes;Earth_Science;Earth_s_Processes_Cycles_and_History;2;A;Knowing;MC;4;C;1;Energy_for_water_cycle;1.00159;1.02421;0.29161;0;0;0;0;0;0;0;0;0;1;0;0
S052043Z;;S03;07Z;8;S;5;Restricted_Use;Yes;Chemistry;Properties_of_Matter;4;C;Applying;CR;;;1;Neutralizing_wasp_venom_(DERIVED);0.50293;1.20055;0;0;0;0;0;1;0;0;0;0;0;0;0
S052046;;S02;8;8;S;5;Yes;Yes;Chemistry;Chemical_Change;3;;Knowing;MC;4;D;1;Fire_put_out_by_blanket;1.58507;-0.44702;0.35346;0;0;0;1;0;0;0;0;0;0;0;0
S052051;;S11;6;8;S;5;Secured;Yes;Chemistry;Properties_of_Matter;2;B;Reasoning;CR;;;1;Is_element_metal_or_nonmetal;1.05306;0.68317;0;0;0;0;0;0;1;0;0;0;0;0;0
S052054;;S13;7;8;S;5;Secured;Yes;Chemistry;Properties_of_Matter;3;C;Applying;CR;;;1;Why_Solution_2_is_paler_than_1;0.76374;-0.39095;0;0;0;0;0;1;0;0;0;0;0;0;0
S052063;;S06;9;8;S;5;Restricted_Use;Yes;Chemistry;Chemical_Change;2;B;Knowing;MC;4;C;1;Chemical_process_releases_energy;0.67277;0.62688;0.18907;0;0;0;1;0;0;0;0;0;0;0;0
S052069;;S13;2;8;S;5;Secured;Yes;Biology;Cells_and_Their_Functions;1;C;Knowing;MC;4;C;1;Organism_with_cell_walls;1.1814;0.80902;0.34181;1;0;0;0;0;0;0;0;0;0;0;0
S052071;;S06;2;8;S;5;Restricted_Use;Yes;Biology;Characteristics_and_Life_Processes_of_Organisms;3;A;Applying;MC;4;C;1;Birds_puff_up_feathers_in_cold_;1.32561;0.50987;0.18195;0;1;0;0;0;0;0;0;0;0;0;0
S052076;;S09;1;8;S;5;Secured;Yes;Biology;Human_Health;2;B;Knowing;MC;4;A;1;Best_source_of_carbohydrates;0.88296;0.49688;0.24651;1;0;0;0;0;0;0;0;0;0;0;0
S052080;;S02;4;8;S;5;Yes;Yes;Biology;Human_Health;1;;Knowing;MC;4;D;1;Foods_diabetics_should_avoid;0.66541;0.25481;0.30296;1;0;0;0;0;0;0;0;0;0;0;0
S052085A;S052085;S09;03A;8;S;5;Secured;Yes;Biology;Diversity_Adaptation_and_Natural_Selection;1;A;Reasoning;CR;;;1;Crocodile_facts:_Why_well_suited;1.00949;1.27685;0;0;0;1;0;0;0;0;0;0;0;0;0
S052085B;S052085;S09;03B;8;S;5;Secured;Yes;Biology;Diversity_Adaptation_and_Natural_Selection;1;A;Reasoning;CR;;;1;Crocodile_facts:_Advantage_vision;1.07165;0.05225;0;0;0;1;0;0;0;0;0;0;0;0;0
S052088;;S02;2;8;S;5;Yes;Yes;Biology;Diversity_Adaptation_and_Natural_Selection;2;;Applying;MC;4;A;1;Layers_of_rock_with_fossils;0.99902;-0.15641;0.23684;0;1;0;0;0;0;0;0;0;0;0;0
S052090A;S052090;S11;01A;8;S;5;Secured;Yes;Biology;Human_Health;1;A;Knowing;MC;4;A;1;Influenza:_Cause_;0.41833;-0.16252;0.32533;1;0;0;0;0;0;0;0;0;0;0;0
S052090B;S052090;S11;01B;8;S;5;Secured;Yes;Biology;Human_Health;1;A;Knowing;CR;;;1;Influenza:_How_is_it_spread;0.60832;1.80482;0;1;0;0;0;0;0;0;0;0;0;0;0
S052091;;S02;5;8;S;5;Yes;Yes;Biology;Ecosystems;2;;Reasoning;CR;;;1;Mayor_wants_to_plant_trees;0.83424;0.16904;0;0;0;1;0;0;0;0;0;0;0;0;0
S052093;;S02;1;8;S;5;Yes;Yes;Biology;Life_Cycles_Reproduction_and_Heredity;3;;Applying;MC;4;C;1;Genetic_makeup_of_twins;0.57884;-1.42583;0.2987;0;1;0;0;0;0;0;0;0;0;0;0
S052094;;S09;4;8;S;5;Secured;Yes;Biology;Life_Cycles_Reproduction_and_Heredity;1;A;Applying;CR;;;1;Similarity_between_bird_and_frog;0.61166;1.04674;0;0;1;0;0;0;0;0;0;0;0;0;0
S052095Z;;S13;05Z;8;S;5;Secured;Yes;Biology;Ecosystems;3;B;Applying;CR;;;1;Garden_with_bird_feeder_(DERIVED);0.53701;-0.21955;0;0;1;0;0;0;0;0;0;0;0;0;0
S052096;;S06;13;8;S;5;Restricted_Use;Yes;Earth_Science;Earth_s_Resources_Their_Use_and_Conservation;1;A;Knowing;MC;4;A;1;Non-renewable_energy_source;0.90067;0.06986;0.28065;0;0;0;0;0;0;0;0;0;1;0;0
S052099;;S11;13;8;S;5;Secured;Yes;Earth_Science;Earth_s_Resources_Their_Use_and_Conservation;1;C;Applying;CR;;;1;Trees_protect_soil_from_erosion;0.86027;0.76182;0;0;0;0;0;0;0;0;0;0;0;1;0
S052101;;S09;12;8;S;5;Secured;Yes;Earth_Science;Earth_s_Structure_and_Physical_Features;1;A;Reasoning;CR;;;1;Information_from_volcanic_eruption;0.58959;0.77875;0;0;0;0;0;0;0;0;0;0;0;0;1
S052106;;S02;14;8;S;5;Yes;Yes;Earth_Science;Earth_s_Resources_Their_Use_and_Conservation;2;;Applying;CR;;;1;Advantage_of_terracing_method;0.74785;0.94766;0;0;0;0;0;0;0;0;0;0;0;1;0
S052107;;S09;14;8;S;5;Secured;Yes;Earth_Science;Earth_in_the_Solar_System_and_the_Universe;1;A;Applying;MC;4;C;1;Constellation_below_horizon;0.98463;1.25466;0.1725;0;0;0;0;0;0;0;0;0;0;1;0
S052110;;S06;15;8;S;5;Restricted_Use;Yes;Earth_Science;Earth_in_the_Solar_System_and_the_Universe;2;A;Applying;CR;;;1;Weight_less_on_Moon_than_Earth;0.90621;1.07285;0;0;0;0;0;0;0;0;0;0;0;1;0
S052112A;S052112;S13;11A;8;S;5;Secured;Yes;Earth_Science;Earth_in_the_Solar_System_and_the_Universe;2;A;Applying;MC;4;D;1;Planets:_Shortest_day_length;0.80924;0.35401;0.32078;0;0;0;0;0;0;0;0;0;0;1;0
S052112B;S052112;S13;11B;8;S;5;Secured;Yes;Earth_Science;Earth_in_the_Solar_System_and_the_Universe;2;A;Reasoning;CR;;;1;Planets:_Distance_from_Sun_;1.04514;0.83572;0;0;0;0;0;0;0;0;0;0;0;0;1
S052113;;S09;13;8;S;5;Secured;Yes;Earth_Science;Earth_s_Processes_Cycles_and_History;3;B;Applying;MC;4;A;1;Climate_of_city_near_Equator;1.71261;0.53534;0.29397;0;0;0;0;0;0;0;0;0;0;1;0
S052118;;S11;14;8;S;5;Secured;Yes;Earth_Science;Earth_in_the_Solar_System_and_the_Universe;1;C;Reasoning;CR;;;1;Claim_that_moon_travels_around_Sun;0.86982;1.2409;0;0;0;0;0;0;0;0;0;0;0;0;1
S052125;;S06;6;8;S;5;Restricted_Use;Yes;Biology;Characteristics_and_Life_Processes_of_Organisms;2;A;Applying;MC;4;D;1;Body_parts_as_organ_systems;0.89768;1.09914;0.45577;0;1;0;0;0;0;0;0;0;0;0;0
S052130;;S11;8;8;S;5;Secured;Yes;Physics;Physical_States_and_Changes_in_Matter;1;B;Knowing;MC;4;D;1;Gas_inside_ping-pong_ball;1.0053;1.16506;0.21864;0;0;0;0;0;0;1;0;0;0;0;0
S052134;;S13;6;8;S;5;Secured;Yes;Chemistry;Composition_of_Matter;2;C;Knowing;MC;4;B;1;Number_of_atoms_in_NaOH;2.03947;1.39924;0.30354;0;0;0;1;0;0;0;0;0;0;0;0
S052136;;S02;7;8;S;5;Yes;Yes;Chemistry;Classification_and_Composition_of_Matter;2;;Reasoning;CR;;;1;List_two_substances_that_are_metal;0.83006;0.15727;0;0;0;0;0;0;1;0;0;0;0;0;0
S052141;;S06;12;8;S;5;Restricted_Use;Yes;Physics;Forces_and_Motion;2;B;Applying;CR;;;1;Pressure_from_wooden_block;1.22147;0.89166;0;0;0;0;0;0;0;0;1;0;0;0;0
S052144;;S09;9;8;S;5;Secured;Yes;Physics;Physical_States_and_Changes_in_Matter;1;A;Knowing;MC;4;D;1;Easy_to_compress_gases;1.29409;0.74192;0.27831;0;0;0;0;0;0;1;0;0;0;0;0
S052145;;S06;7;8;S;5;Restricted_Use;Yes;Chemistry;Properties_of_Matter;1;B;Reasoning;CR;;;1;State_of_water_mercury_iron;1.27416;0.42557;0;0;0;0;0;0;1;0;0;0;0;0;0
S052146;;S09;6;8;S;5;Secured;Yes;Chemistry;Properties_of_Matter;2;A;Applying;CR;;;1;Density_of_corn_oil_and_aluminum;0.99253;0.38897;0;0;0;0;0;1;0;0;0;0;0;0;0
S052150;;S13;8;8;S;5;Secured;Yes;Chemistry;Chemical_Change;1;A;Knowing;MC;4;D;1;Which_is_a_physical_change;0.82869;1.21115;0.21296;0;0;0;1;0;0;0;0;0;0;0;0
S052152;;S02;6;8;S;5;Yes;Yes;Chemistry;Classification_and_Composition_of_Matter;4;;Applying;MC;4;C;1;Atoms_in_a_crushed_can;1.50015;0.78129;0.16877;0;0;0;0;1;0;0;0;0;0;0;0
S052159;;S03;11;8;S;5;Restricted_Use;Yes;Physics;Forces_and_Motion;2;A;Knowing;MC;4;D;1;Moving_log_with_bar_and_stone;0.49691;0.36494;0.38503;0;0;0;0;0;0;1;0;0;0;0;0
S052165A;S052165;S02;11A;8;S;5;Yes;Yes;Physics;Energy_Transformations_Heat_and_Temperature;1;;Knowing;CR;;;1;Water_wheel:_Energy_of_tank_water_;0.8667;1.38461;0;0;0;0;0;0;0;1;0;0;0;0;0
S052165B;S052165;S02;11B;8;S;5;Yes;Yes;Physics;Energy_Transformations_Heat_and_Temperature;1;;Knowing;CR;;;1;Water_wheel:_Energy_before_wheel;0.71795;1.12393;0;0;0;0;0;0;0;1;0;0;0;0;0
S052165C;S052165;S02;11C;8;S;5;Yes;Yes;Physics;Energy_Transformations_Heat_and_Temperature;1;;Reasoning;CR;;;1;Water_wheel:_Faster_rotation;0.88876;0.86361;0;0;0;0;0;0;0;0;0;1;0;0;0
S052179;;S03;9;8;S;5;Restricted_Use;Yes;Physics;Energy_Transformation_and_Transfer;2;C;Applying;MC;4;B;1;Temperature_of_three_containers;0.90366;1.04447;0.21824;0;0;0;0;0;0;0;1;0;0;0;0
S052189;;S11;10;8;S;5;Secured;Yes;Chemistry;Properties_of_Matter;3;D;Reasoning;CR;;;1;Paint_chip_in_test_tubes;1.08518;0.42406;0;0;0;0;0;0;1;0;0;0;0;0;0
S052192;;S06;10;8;S;5;Restricted_Use;Yes;Physics;Light_and_Sound;1;C;Reasoning;MC;4;A;1;Mirror_behind_screen;1.40323;0.2472;0.09151;0;0;0;0;0;0;0;0;1;0;0;0
S052194;;S03;8;8;S;5;Restricted_Use;Yes;Physics;Physical_States_and_Changes_in_Matter;1;A;Reasoning;MC;4;C;1;Particles_in_Samples_X_and_Y;1.14824;0.77398;0.21298;0;0;0;0;0;0;0;0;1;0;0;0
S052206;;S13;10;8;S;5;Secured;Yes;Physics;Electricity_and_Magnetism;2;A;Knowing;MC;4;A;1;Two_bar_magnets_repelling_;1.13348;0.50952;0.21098;0;0;0;0;0;0;1;0;0;0;0;0
S052207;;S02;10;8;S;5;Yes;Yes;Physics;Forces_and_Motion;2;;Knowing;CR;;;1;In_which_liquid_would_object_float;1.06471;0.65087;0;0;0;0;0;0;0;1;0;0;0;0;0
S052214;;S09;10;8;S;5;Secured;Yes;Physics;Forces_and_Motion;1;A;Reasoning;CR;;;1;Recognize_liquids_from_density;0.99538;0.32644;0;0;0;0;0;0;0;0;0;1;0;0;0
S052217;;S11;11;8;S;5;Secured;Yes;Physics;Forces_and_Motion;2;C;Applying;MC;4;B;1;Water_pressure_on_fish;0.73691;1.01488;0.27328;0;0;0;0;0;0;0;1;0;0;0;0
S052232;;S06;11;8;S;5;Restricted_Use;Yes;Physics;Forces_and_Motion;3;B;Reasoning;MC;4;D;1;Bell_on_Rami_s_bike;0.4599;1.55738;0.19792;0;0;0;0;0;0;0;0;1;0;0;0
S052233;;S03;10;8;S;5;Restricted_Use;Yes;Physics;Forces_and_Motion;1;A;Reasoning;CR;;;1;Object_X_floating_in_Liquids_A,B,C;0.75512;1.49023;0;0;0;0;0;0;0;0;0;1;0;0;0
S052243A;S052243;S13;09A;8;S;5;Secured;Yes;Physics;Electricity_and_Magnetism;1;B;Reasoning;CR;;;1;Model_flashlight:_Bulb_won_t_light;0.6239;0.38824;0;0;0;0;0;0;0;0;0;1;0;0;0
S052243B;S052243;S13;09B;8;S;5;Secured;Yes;Physics;Electricity_and_Magnetism;1;B;Applying;CR;;;1;Model_flashlight:_2_parallel_bulbs;0.77815;0.40627;0;0;0;0;0;0;0;0;1;0;0;0;0
S052243C;S052243;S13;09C;8;S;5;Secured;Yes;Physics;Electricity_and_Magnetism;1;C;Reasoning;MC;4;C;1;Model_flashlights:_Comparison_;0.70511;1.06966;0.20293;0;0;0;0;0;0;0;0;1;0;0;0
S052246;;S06;3;8;S;5;Restricted_Use;Yes;Biology;Diversity_Adaptation_and_Natural_Selection;2;B;Applying;MC;4;A;1;Limbs_from_different_organisms;0.92095;0.89795;0.23236;0;1;0;0;0;0;0;0;0;0;0;0
S052248;;S09;5;8;S;5;Secured;Yes;Biology;Diversity_Adaptation_and_Natural_Selection;1;B;Applying;MC;4;B;1;Cavefish_with_no_eyes;1.01032;1.4868;0.35568;0;1;0;0;0;0;0;0;0;0;0;0
S052254;;S02;9;8;S;5;Yes;Yes;Chemistry;Properties_of_Matter;2;;Reasoning;MC;4;A;1;Water_splitting_rock;0.82642;1.11999;0.20646;0;0;0;0;0;1;0;0;0;0;0;0
S052256;;S03;6;8;S;5;Restricted_Use;Yes;Chemistry;Properties_of_Matter;3;B;Applying;MC;4;D;1;Cause_distilled_water_taste;1.14983;0.76156;0.19369;0;0;0;0;1;0;0;0;0;0;0;0
S052261;;S03;1;8;S;5;Restricted_Use;Yes;Biology;Characteristics_and_Life_Processes_of_Organisms;3;A;Knowing;MC;4;B;1;Why_people_shiver_when_cold;0.98118;0.75422;0.23435;1;0;0;0;0;0;0;0;0;0;0;0
S052262;;S11;2;8;S;5;Secured;Yes;Biology;Characteristics_and_Life_Processes_of_Organisms;2;C;Applying;MC;4;A;1;Biceps_and_triceps_;0.82098;0.78978;0.24877;0;1;0;0;0;0;0;0;0;0;0;0
S052263A;S052263;S03;03A;8;S;5;Restricted_Use;Yes;Biology;Cells_and_Their_Functions;2;B;Reasoning;CR;;;1;Cellular_respiration:_tubes_1_&_2;1.38608;1.27695;0;0;0;1;0;0;0;0;0;0;0;0;0
S052263B;S052263;S03;03B;8;S;5;Restricted_Use;Yes;Biology;Cells_and_Their_Functions;2;B;Reasoning;CR;;;1;Cellular_respiration:_tube_4;1.6266;1.01751;0;0;0;1;0;0;0;0;0;0;0;0;0
S052265;;S03;4;8;S;5;Restricted_Use;Yes;Biology;Life_Cycles_Reproduction_and_Heredity;2;B;Applying;CR;;;1;Manx_cats_bred_together;0.81032;0.9048;0;0;1;0;0;0;0;0;0;0;0;0;0
S052267;;S11;3;8;S;5;Secured;Yes;Biology;Life_Cycles_Reproduction_and_Heredity;2;C;Knowing;MC;4;C;1;Acquired_characteristics;1.00316;0.76234;0.21577;1;0;0;0;0;0;0;0;0;0;0;0
S052272;;S09;2;8;S;5;Secured;Yes;Biology;Ecosystems;3;A;Reasoning;CR;;;1;Trout_and_frog_populations;1.11515;-0.02766;0;0;0;1;0;0;0;0;0;0;0;0;0
S052276;;S06;4;8;S;5;Restricted_Use;Yes;Biology;Human_Health;2;B;Knowing;MC;4;D;1;Good_source_of_calcium;0.68676;0.09389;0.22132;1;0;0;0;0;0;0;0;0;0;0;0
S052280;;S03;5;8;S;5;Restricted_Use;Yes;Chemistry;Properties_of_Matter;2;B;Knowing;MC;4;A;1;Property_of_nonmetals;0.97648;0.4534;0.26663;0;0;0;1;0;0;0;0;0;0;0;0
S052282;;S09;7;8;S;5;Secured;Yes;Chemistry;Properties_of_Matter;2;B;Knowing;MC;4;C;1;Property_of_acid_and_base;0.82805;0.77241;0.17697;0;0;0;1;0;0;0;0;0;0;0;0
S052289A;S052289;S03;12A;8;S;5;Restricted_Use;Yes;Earth_Science;Earth_s_Structure_and_Physical_Features;1;D;Applying;MC;4;C;1;Artesian_water:_Moving_up_pipe;0.84072;-0.91081;0.27916;0;0;0;0;0;0;0;0;0;0;1;0
S052289B;S052289;S03;12B;8;S;5;Restricted_Use;Yes;Earth_Science;Earth_s_Structure_and_Physical_Features;1;D;Applying;MC;4;A;1;Artesian_water:_Difference_in_flow;0.56337;0.73572;0.13998;0;0;0;0;0;0;0;0;0;0;1;0
S052289C;S052289;S03;12C;8;S;5;Restricted_Use;Yes;Earth_Science;Earth_s_Structure_and_Physical_Features;1;D;Applying;CR;;;1;Artesian_water:_Temperature;0.82223;0.74552;0;0;0;0;0;0;0;0;0;0;0;1;0
S052294;;S13;12;8;S;5;Secured;Yes;Earth_Science;Earth_s_Structure_and_Physical_Features;2;B;Knowing;MC;4;A;1;Temperature_outside_an_airplane;1.10484;-0.03894;0.18529;0;0;0;0;0;0;0;0;0;1;0;0
S052297;;S02;12;8;S;5;Yes;Yes;Earth_Science;Earth�s_Processes_Cycles_and_History;1;;Knowing;MC;4;B;1;Holes_in_volcanic_rocks;0.83109;0.25128;0.27653;0;0;0;0;0;0;0;0;0;1;0;0
S052299;;S09;8;8;S;5;Secured;Yes;Chemistry;Chemical_Change;1;C;Knowing;MC;4;B;1;Process_that_makes_statue_dark;1.17434;0.33015;0.28658;0;0;0;1;0;0;0;0;0;0;0;0
S052303A;S052303;S06;05A;8;S;5;Restricted_Use;Yes;Biology;Ecosystems;3;B;Applying;MC;4;B;1;Pond:_Fish_eat_mosquito_larvae;0.60905;-0.00762;0.24651;0;1;0;0;0;0;0;0;0;0;0;0
S052303B;S052303;S06;05B;8;S;5;Restricted_Use;Yes;Biology;Ecosystems;4;B;Reasoning;CR;;;1;Pond:_Adding_more_fish_;0.73805;0.54057;0;0;0;1;0;0;0;0;0;0;0;0;0
S062004;;S10;11;8;S;6;Secured;Yes;Chemistry;Composition_of_Matter;2;A;Knowing;MC;4;B;1;Block_pounded_into_flat_sheet;1.83559;0.82523;0.17132;0;0;0;1;0;0;0;0;0;0;0;0
S062005;;S10;9;8;S;6;Secured;Yes;Chemistry;Composition_of_Matter;2;A;Applying;CR;;;1;Syringes_with_solid_and_air;1.30856;0.63824;0;0;0;0;0;1;0;0;0;0;0;0;0
S062006;;S12;6;8;S;6;Secured;Yes;Chemistry;Composition_of_Matter;2;C;Knowing;CR;;;1;Atoms_in_nitric_acid;1.01553;0.40193;0;0;0;0;1;0;0;0;0;0;0;0;0
S062007;;S08;2;8;S;6;Secured;Yes;Chemistry;Composition_of_Matter;2;C;Applying;MC;4;D;1;Models_of_carbon_dioxide;1.18254;0.46448;0.19232;0;0;0;0;1;0;0;0;0;0;0;0
S062010;;S02;5;8;S;6;Restricted_Use;Yes;Chemistry;Properties_of_Matter;1;A;Knowing;CR;;;1;Physical_or_chemical_property_(DERIVED);0.52441;0.79454;0;0;0;0;1;0;0;0;0;0;0;0;0
S062022;;S14;14;8;S;6;Secured;Yes;Earth_Science;Earth_s_Structure_and_Physical_Features;1;C;Knowing;CR;;;1;Fresh_water_or_salt_water_(DERIVED);0.59568;0.62718;0;0;0;0;0;0;0;0;0;0;1;0;0
S062024A;S062024;S04;14A;8;S;6;Secured;Yes;Earth_Science;Earth_s_Processes_Cycles_and_History;1;A;Knowing;MC;4;A;1;Forming_layered_rock;0.57498;0.93656;0.23664;0;0;0;0;0;0;0;0;0;1;0;0
S062024B;S062024;S04;14B;8;S;6;Secured;Yes;Earth_Science;Earth_s_Processes_Cycles_and_History;1;A;Applying;CR;;;1;Shaping_rock_formations;0.78227;1.4998;0;0;0;0;0;0;0;0;0;0;0;1;0
S062032;;S10;5;8;S;6;Secured;Yes;Physics;Physical_States_and_Changes_in_Matter;2;D;Reasoning;MC;4;C;1;Hot_metal_ball_on_balance;1.7792;1.4483;0.29617;0;0;0;0;0;0;0;0;1;0;0;0
S062033;;S12;13;8;S;6;Secured;Yes;Physics;Physical_States_and_Changes_in_Matter;1;A;Reasoning;CR;;;1;Pressure_applied_to_pistons;1.14294;0.67277;0;0;0;0;0;0;0;0;0;1;0;0;0
S062035;;S08;8;8;S;6;Secured;Yes;Physics;Physical_States_and_Changes_in_Matter;2;C;Knowing;MC;4;C;1;Heating_water_on_a_stove;1.01642;0.99625;0.19841;0;0;0;0;0;0;1;0;0;0;0;0
S062037;;S12;14;8;S;6;Secured;Yes;Physics;Energy_Transformation_and_Transfer;1;B;Applying;MC;4;A;1;Toy_car_powered_by_battery;0.89099;0.698;0.32585;0;0;0;0;0;0;0;1;0;0;0;0
S062042;;S14;8;8;S;6;Secured;Yes;Physics;Electricity_and_Magnetism;1;A;Applying;CR;;;1;Parts_of_incandescent_light_bulb;0.71756;0.66736;0;0;0;0;0;0;0;0;1;0;0;0;0
S062043;;S10;6;8;S;6;Secured;Yes;Physics;Electricity_and_Magnetism;2;B;Knowing;CR;;;1;Electromagnet_and_paper_clips;0.91308;0.90215;0;0;0;0;0;0;0;1;0;0;0;0;0
S062044;;S02;8;8;S;6;Restricted_Use;Yes;Physics;Energy_Transformation_and_Transfer;2;A;Reasoning;MC;4;D;1;Metal_rods_in_basin_of_water;1.07047;1.3384;0.11883;0;0;0;0;0;0;0;0;1;0;0;0
S062046;;S02;9;8;S;6;Restricted_Use;Yes;Physics;Electricity_and_Magnetism;2;A;Reasoning;CR;;;1;Two_magnets_pick_up_paper_clips;0.85473;0.17648;0;0;0;0;0;0;0;0;0;1;0;0;0
S062047;;S14;7;8;S;6;Secured;Yes;Physics;Light_and_Sound;1;B;Knowing;CR;;;1;Absorbed_or_reflected_light_(DERIVED);0.48827;0.71646;0;0;0;0;0;0;0;1;0;0;0;0;0
S062050;;S04;11;8;S;6;Secured;Yes;Chemistry;Properties_of_Matter;4;B;Reasoning;CR;;;1;Cabbage_juice_pH_indicators;0.97921;0.94397;0;0;0;0;0;0;1;0;0;0;0;0;0
S062051;;S02;7;8;S;6;Restricted_Use;Yes;Chemistry;Properties_of_Matter;4;A;Applying;CR;;;1;Color_of_solution_with_pH_indicator;0.88563;0.84438;0;0;0;0;0;1;0;0;0;0;0;0;0
S062055;;S08;1;8;S;6;Secured;Yes;Chemistry;Chemical_Change;2;B;Knowing;MC;4;A;1;Process_absorbing_light_energy;0.9954;0.13988;0.4633;0;0;0;1;0;0;0;0;0;0;0;0
S062056;;S14;11;8;S;6;Secured;Yes;Chemistry;Chemical_Change;1;B;Reasoning;CR;;;1;Mary_has_a_light_stick;1.0926;0.45948;0;0;0;0;0;0;1;0;0;0;0;0;0
S062064;;S04;4;8;S;6;Secured;Yes;Biology;Characteristics_and_Life_Processes_of_Organisms;2;B;Reasoning;CR;;;1;Bones_of_a_bird_are_hollow;0.899;-0.37466;0;0;0;1;0;0;0;0;0;0;0;0;0
S062067;;S12;7;8;S;6;Secured;Yes;Chemistry;Properties_of_Matter;3;D;Reasoning;CR;;;1;Rate_of_sugar_dissolving_;0.82878;0.39971;0;0;0;0;0;0;1;0;0;0;0;0;0
S062075;;S10;10;8;S;6;Secured;Yes;Chemistry;Chemical_Change;2;A;Reasoning;MC;4;D;1;Hugo_s_chemical_reaction;1.07301;0.78013;0.34271;0;0;0;0;0;1;0;0;0;0;0;0
S062089;;S12;5;8;S;6;Secured;Yes;Biology;Ecosystems;3;C;Knowing;MC;4;D;1;Symbiosis_between_two_organisms;1.30133;0.95823;0.15266;1;0;0;0;0;0;0;0;0;0;0;0
S062090;;S10;1;8;S;6;Secured;Yes;Biology;Ecosystems;2;B;Knowing;MC;4;C;1;Water_cycle_in_forest_ecosystem;0.98805;0.11953;0.33535;1;0;0;0;0;0;0;0;0;0;0;0
S062091A;S062091;S14;01A;8;S;6;Secured;Yes;Biology;Ecosystems;1;C;Applying;MC;4;B;1;Producers_in_food_web;1.05232;-0.52301;0.38358;0;1;0;0;0;0;0;0;0;0;0;0
S062091B;S062091;S14;01B;8;S;6;Secured;Yes;Biology;Ecosystems;1;C;Applying;MC;4;C;1;Eat_only_plants_in_food_web;0.56968;-1.05555;0.25;0;1;0;0;0;0;0;0;0;0;0;0
S062094;;S02;2;8;S;6;Restricted_Use;Yes;Biology;Characteristics_and_Life_Processes_of_Organisms;1;B;Knowing;MC;4;B;1;Classify_animal_with_these_features;0.98447;0.43867;0.1812;1;0;0;0;0;0;0;0;0;0;0;0
S062097;;S14;3;8;S;6;Secured;Yes;Biology;Characteristics_and_Life_Processes_of_Organisms;3;A;Reasoning;MC;4;A;1;Kate_s_heart_and_breathing_rates;0.91218;0.36343;0.15097;0;0;1;0;0;0;0;0;0;0;0;0
S062099;;S04;1;8;S;6;Secured;Yes;Biology;Cells_and_Their_Functions;1;A;Knowing;MC;4;B;1;Cell_development_in_young_animals;0.82666;0.2676;0.13667;1;0;0;0;0;0;0;0;0;0;0;0
S062100;;S14;2;8;S;6;Secured;Yes;Biology;Cells_and_Their_Functions;1;D;Applying;CR;;;1;Cell_structure_of_fossils;0.88432;0.33683;0;0;1;0;0;0;0;0;0;0;0;0;0
S062103A;S062103;S02;04A;8;S;6;Restricted_Use;Yes;Biology;Cells_and_Their_Functions;2;A;Reasoning;MC;4;C;1;Photosynthesis_and_sunlight;1.16534;0.62072;0.27075;0;0;1;0;0;0;0;0;0;0;0;0
S062106;;S04;3;8;S;6;Secured;Yes;Biology;Life_Cycles_Reproduction_and_Heredity;2;A;Knowing;MC;4;D;1;Characteristics_of_young_rabbits_;0.65068;-1.06405;0;1;0;0;0;0;0;0;0;0;0;0;0
S062112;;S12;2;8;S;6;Secured;Yes;Biology;Human_Health;1;B;Applying;CR;;;1;Tony_gets_the_measles;0.55449;0.06929;0;0;1;0;0;0;0;0;0;0;0;0;0
S062116A;S062116;S08;06A;8;S;6;Secured;Yes;Biology;Ecosystems;4;A;Reasoning;CR;;;1;Population_change_years_2-3;1.15613;0.58049;0;0;0;1;0;0;0;0;0;0;0;0;0
S062116B;S062116;S08;06B;8;S;6;Secured;Yes;Biology;Ecosystems;3;A;Reasoning;CR;;;1;Population_change_years_4-6;1.33172;0.93081;0;0;0;1;0;0;0;0;0;0;0;0;0
S062116C;S062116;S08;06C;8;S;6;Secured;Yes;Biology;Ecosystems;4;A;Reasoning;CR;;;1;Species_of_fish_best_survive;0.91021;1.33399;0;0;0;1;0;0;0;0;0;0;0;0;0
S062118;;S02;3;8;S;6;Restricted_Use;Yes;Biology;Diversity_Adaptation_and_Natural_Selection;1;B;Applying;CR;;;1;Mice_living_on_beach_advantage;0.86605;0.04366;0;0;1;0;0;0;0;0;0;0;0;0;0
S062119;;S12;3;8;S;6;Secured;Yes;Biology;Diversity_Adaptation_and_Natural_Selection;2;A;Reasoning;MC;4;C;1;Fossils_in_rock_layers;1.21385;0.22146;0.23176;0;0;1;0;0;0;0;0;0;0;0;0
S062128;;S14;6;8;S;6;Secured;Yes;Physics;Forces_and_Motion;2;D;Applying;CR;;;1;Densities_of_three_liquids;0.88958;-0.00189;0;0;0;0;0;0;0;0;1;0;0;0;0
S062132;;S04;5;8;S;6;Secured;Yes;Physics;Energy_Transformation_and_Transfer;2;B;Applying;MC;4;C;1;Water_and_tea_graphs;0.9179;0.35977;0.28243;0;0;0;0;0;0;0;1;0;0;0;0
S062143;;S04;9;8;S;6;Secured;Yes;Physics;Physical_States_and_Changes_in_Matter;2;A;Applying;CR;;;1;Heating_water_in_test_tube;0.84464;1.71049;0;0;0;0;0;0;0;0;1;0;0;0;0
S062144;;S08;9;8;S;6;Secured;Yes;Physics;Energy_Transformation_and_Transfer;1;B;Applying;MC;4;D;1;Energy_change_in_sliding;0.67739;-0.42119;0.16116;0;0;0;0;0;0;0;1;0;0;0;0
S062149;;S02;10;8;S;6;Restricted_Use;Yes;Physics;Light_and_Sound;1;C;Knowing;CR;;;1;Mirrors_around_a_corner;0.42602;0.86471;0;0;0;0;0;0;0;1;0;0;0;0;0
S062153;;S04;7;8;S;6;Secured;Yes;Physics;Light_and_Sound;1;B;Reasoning;MC;4;C;1;Flashlight_on_blue_ball;1.20326;0.94731;0.29836;0;0;0;0;0;0;0;0;1;0;0;0
S062158;;S10;7;8;S;6;Secured;Yes;Physics;Light_and_Sound;2;A;Applying;MC;4;B;1;Graphs_of_musical_notes;0.78138;0.81871;0.34895;0;0;0;0;0;0;0;1;0;0;0;0
S062159;;S10;8;8;S;6;Secured;Yes;Physics;Forces_and_Motion;1;B;Applying;MC;4;D;1;Box_pulled_by_three_forces;0.97745;0.33617;0.19734;0;0;0;0;0;0;0;1;0;0;0;0
S062162;;S08;10;8;S;6;Secured;Yes;Physics;Forces_and_Motion;2;A;Applying;CR;;;1;Moving_box_onto_truck;0.78409;0.79208;0;0;0;0;0;0;0;0;1;0;0;0;0
S062163;;S04;6;8;S;6;Secured;Yes;Physics;Forces_and_Motion;2;B;Reasoning;CR;;;1;Truck_sank_into_the_mud;1.16108;1.33688;0;0;0;0;0;0;0;0;0;1;0;0;0
S062170;;S02;12;8;S;6;Restricted_Use;Yes;Earth_Science;Earth_s_Processes_Cycles_and_History;1;B;Knowing;MC;4;D;1;Earth_s_continents_are_moving_;0.72288;0.27989;0.35804;0;0;0;0;0;0;0;0;0;1;0;0
S062171;;S08;13;8;S;6;Secured;Yes;Earth_Science;Earth_s_Processes_Cycles_and_History;2;B;Knowing;MC;4;C;1;Mountain_range_at_edge_of_ocean;0.39904;0.55818;0.15339;0;0;0;0;0;0;0;0;0;1;0;0
S062173A;S062173;S10;13A;8;S;6;Secured;Yes;Earth_Science;Earth_s_Processes_Cycles_and_History;3;C;Applying;CR;;;1;Temperature_and_geography_(DERIVED);0.71629;0.31294;0;0;0;0;0;0;0;0;0;0;0;1;0
S062173B;S062173;S10;13B;8;S;6;Secured;Yes;Earth_Science;Earth_s_Processes_Cycles_and_History;3;C;Reasoning;MC;4;A;1;Climate_and_geography;0.88139;1.62176;0.20248;0;0;0;0;0;0;0;0;0;0;0;1
S062175;;S10;12;8;S;6;Secured;Yes;Earth_Science;Earth_s_Resources_Their_Use_and_Conservation;1;B;Reasoning;CR;;;1;Power_plant_geographic_factor;0.78134;0.64091;0;0;0;0;0;0;0;0;0;0;0;0;1
S062177;;S12;9;8;S;6;Secured;Yes;Earth_Science;Earth_s_Processes_Cycles_and_History;1;C;Knowing;MC;4;D;1;Formation_of_oil;0.82278;1.0648;0.2227;0;0;0;0;0;0;0;0;0;1;0;0
S062180;;S14;13;8;S;6;Secured;Yes;Earth_Science;Earth_s_Processes_Cycles_and_History;3;D;Applying;MC;4;A;1;Melting_permafrost;1.27198;0.38575;0.24318;0;0;0;0;0;0;0;0;0;0;1;0
S062186;;S12;10;8;S;6;Secured;Yes;Earth_Science;Earth_s_Structure_and_Physical_Features;2;A;Knowing;MC;4;B;1;Greenhouse_on_Mars;1.59168;1.13323;0.25606;0;0;0;0;0;0;0;0;0;1;0;0
S062190;;S04;13;8;S;6;Secured;Yes;Earth_Science;Earth_s_Resources_Their_Use_and_Conservation;1;B;Applying;MC;4;D;1;Disadvantage_of_solar_energy;0.86916;0.07406;0.14403;0;0;0;0;0;0;0;0;0;0;1;0
S062205;;S04;12;8;S;6;Secured;Yes;Earth_Science;Earth_s_Structure_and_Physical_Features;2;A;Knowing;MC;4;A;1;Gases_in_Earth_s_atmosphere;1.07043;0.77079;0.15005;0;0;0;0;0;0;0;0;0;1;0;0
S062211A;S062211;S12;11A;8;S;6;Secured;Yes;Earth_Science;Earth_s_Processes_Cycles_and_History;3;B;Applying;CR;;;1;Warmest_and_driest_time_of_year;0.7799;0.40121;0;0;0;0;0;0;0;0;0;0;0;1;0
S062211B;S062211;S12;11B;8;S;6;Secured;Yes;Earth_Science;Earth_s_Processes_Cycles_and_History;3;B;Reasoning;CR;;;1;Climate_data_are_wrong;0.84341;2.08393;0;0;0;0;0;0;0;0;0;0;0;0;1
S062225;;S08;4;8;S;6;Secured;Yes;Biology;Diversity_Adaptation_and_Natural_Selection;2;B;Applying;MC;4;A;1;Bone_structure_of_forelimbs;1.20103;1.30736;0.25899;0;1;0;0;0;0;0;0;0;0;0;0
S062233;;S08;11;8;S;6;Secured;Yes;Earth_Science;Earth_s_Resources_Their_Use_and_Conservation;2;B;Knowing;MC;4;B;1;Water_source_for_desalinization;0.95758;0.78267;0.34882;0;0;0;0;0;0;0;0;0;1;0;0
S062235;;S14;12;8;S;6;Secured;Yes;Earth_Science;Earth_s_Resources_Their_Use_and_Conservation;2;A;Knowing;MC;4;A;1;Negative_effects_of_fertilizer;0.75071;0.70667;0.18642;0;0;0;0;0;0;0;0;0;1;0;0
S062242;;S12;15;8;S;6;Secured;Yes;Physics;Electricity_and_Magnetism;2;C;Applying;CR;;;1;Waste_removed_by_electromagnet_(DERIVED);0.75507;-1.19774;0;0;0;0;0;0;0;0;1;0;0;0;0
S062246;;S14;10;8;S;6;Secured;Yes;Chemistry;Composition_of_Matter;2;B;Knowing;MC;4;C;1;True_of_all_neutral_atoms;0.94036;1.18536;0.27906;0;0;0;1;0;0;0;0;0;0;0;0
S062247;;S12;8;8;S;6;Secured;Yes;Chemistry;Properties_of_Matter;4;A;Knowing;MC;4;B;1;Properties_of_baking_soda;1.08247;1.321;0.26356;0;0;0;1;0;0;0;0;0;0;0;0
S062250;;S14;9;8;S;6;Secured;Yes;Chemistry;Properties_of_Matter;1;C;Applying;CR;;;1;Paint_prevents_rust;0.55152;1.13286;0;0;0;0;0;1;0;0;0;0;0;0;0
S062253;;S02;6;8;S;6;Restricted_Use;Yes;Chemistry;Chemical_Change;3;A;Knowing;MC;4;D;1;Chemical_reaction_definition;0.86175;0.85924;0.0944;0;0;0;1;0;0;0;0;0;0;0;0
S062262;;S08;7;8;S;6;Secured;Yes;Physics;Light_and_Sound;2;C;Knowing;MC;4;A;1;Sound_used_by_animals;0.89965;1.06966;0.28571;0;0;0;0;0;0;1;0;0;0;0;0
S062268;;S02;11;8;S;6;Restricted_Use;Yes;Physics;Forces_and_Motion;3;A;Applying;MC;4;A;1;Toy_car_s_distance_over_time;1.0239;-0.28026;0.29582;0;0;0;0;0;0;0;1;0;0;0;0
S062271;;S02;14;8;S;6;Restricted_Use;Yes;Earth_Science;Earth_in_the_Solar_System_and_the_Universe;1;B;Applying;MC;4;C;1;Solar_system_changing_seasons;0.77324;0.9911;0.28974;0;0;0;0;0;0;0;0;0;0;1;0
S062275;;S08;3;8;S;6;Secured;Yes;Chemistry;Properties_of_Matter;3;A;Applying;CR;;;1;Separate_oil_and_water;0.91621;0.70305;0;0;0;0;0;1;0;0;0;0;0;0;0
S062276;;S04;10;8;S;6;Secured;Yes;Chemistry;Chemical_Change;1;B;Applying;CR;;;1;Iron_object_changes_color;0.6926;0.91885;0;0;0;0;0;1;0;0;0;0;0;0;0
S062279;;S12;1;8;S;6;Secured;Yes;Biology;Human_Health;2;B;Knowing;MC;4;A;1;Healthy_and_balanced_meal;1.21493;0.23797;0.18691;1;0;0;0;0;0;0;0;0;0;0;0
S062284;;S10;3;8;S;6;Secured;Yes;Biology;Life_Cycles_Reproduction_and_Heredity;2;B;Knowing;MC;4;B;1;Hair_color_of_young_rabbits;0.39855;0.39039;0.16162;1;0;0;0;0;0;0;0;0;0;0;0
